Nodes,Held-Karp Time,Quantum Time
2,0,20.1228
3,0,20.8367
4,0,21.3375
5,0,22.4022
6,0,21.7803
7,0.000877,22.4795
8,0.008981,20.858
9,0.019859,22.5268
10,0.019219,22.3716
11,0.044503,20.7483
12,0.085974,21.8486
13,0.304615,22.1222
14,0.599087,21.2699
15,1.29501,21.9743
16,1.555357,24.5764
17,3.424112,23.3373
18,7.262811,26.921
19,17.778436,26.977
20,43.051069,24.875
21,92.430943,25.6864
50,MAX,31.1
75,MAX,31.8
100,MAX,45.8